row;column;CdSO4-fit;hex-CdS_fit
0;0;0;0
0;1;0;0
0;2;0;0
0;3;0;0
0;4;0;0
0;5;0;0
0;6;0;0
0;7;0;0
0;8;0;0
0;9;0;0
0;10;0;0
0;11;0;0
0;12;0;0
0;13;0;0
0;14;0;0
0;15;0;0
0;16;0;0
0;17;0;0
0;18;0.150578;0.849422
0;19;0.0458967;0.954103
0;20;0.00902836;0.990972
0;21;0;1
0;22;0;1
0;23;0.00602484;0.993975
0;24;0.0532896;0.94671
0;25;0;1
0;26;0;1
0;27;0;1
0;28;0.0414184;0.958582
0;29;0.0522858;0.947714
0;30;0.093418;0.906582
0;31;0;1
0;32;0;1
0;33;0;1
0;34;0.0121474;0.987853
0;35;0;1
0;36;0.0255132;0.974487
0;37;0.0512472;0.948753
0;38;0.0464289;0.953571
0;39;0.0388206;0.961179
0;40;0.0159921;0.984008
0;41;0.00762147;0.992379
0;42;0.0106661;0.989334
0;43;0;1
0;44;0;1
0;45;0;1
0;46;0;1
0;47;0;1
0;48;0;1
0;49;0;1
0;50;0;1
0;51;0;1
0;52;0;1
0;53;0;1
0;54;0;1
0;55;0.00333924;0.996661
0;56;0.00767074;0.992329
0;57;0;1
0;58;0;1
0;59;0.0126384;0.987362
0;60;0.0192293;0.980771
0;61;0.0219197;0.97808
0;62;0;1
0;63;0;1
0;64;0;1
0;65;0;1
0;66;0.000405538;0.999594
0;67;0.0205481;0.979452
0;68;0.0129549;0.987045
0;69;0;1
0;70;0;1
0;71;0.0230998;0.9769
0;72;0.00837958;0.99162
0;73;0;1
0;74;0;1
0;75;0;1
0;76;0;1
0;77;0;1
0;78;0;1
0;79;0;1
0;80;0;1
0;81;0;1
0;82;0.00285781;0.997142
0;83;0;1
0;84;0;1
0;85;0;1
0;86;0;1
0;87;0;1
0;88;0;1
0;89;0.047067;0.952933
0;90;0.0336551;0.966345
0;91;0.0204089;0.979591
0;92;0.0251315;0.974868
0;93;0.0377026;0.962297
0;94;0.0514917;0.948508
0;95;0.0297086;0.970291
0;96;0;1
0;97;0;1
0;98;0;1
0;99;0;1
0;100;0;1
0;101;0;1
0;102;0;1
0;103;0;1
0;104;0.0210134;0.978987
0;105;0;1
0;106;0;1
0;107;0;1
0;108;0;1
0;109;0;1
0;110;0;1
0;111;0;1
0;112;0;1
0;113;5.55e-17;1
0;114;0.00657133;0.993429
0;115;0.0235383;0.976462
0;116;0.0339622;0.966038
0;117;0;1
0;118;0;1
0;119;0.0307056;0.969294
0;120;0;1
0;121;0;1
0;122;0;1
0;123;0;1
0;124;0.0329789;0.967021
0;125;0;1
0;126;0;1
0;127;0;1
0;128;0;1
0;129;0;1
0;130;0;1
0;131;0.0416781;0.958322
0;132;0.029337;0.970663
0;133;0;1
0;134;0;1
0;135;0;1
0;136;0;1
0;137;0;1
0;138;0;1
0;139;0.0543503;0.94565
0;140;0.0458383;0.954162
0;141;0.0432569;0.956743
0;142;0.0325361;0.967464
0;143;0.0170187;0.982981
0;144;0;1
0;145;0.0233038;0.976696
0;146;0;1
0;147;0;1
0;148;0;1
0;149;0;1
0;150;0;1
0;151;0.0282644;0.971736
0;152;0.0444033;0.955597
0;153;0.0116861;0.988314
0;154;0;1
0;155;0.0102913;0.989709
0;156;0.0282461;0.971754
0;157;0;1
0;158;0;1
0;159;0;1
0;160;0;1
0;161;0.011431;0.988569
0;162;5.55e-17;1
0;163;0;1
0;164;0;1
0;165;0;1
0;166;0;1
0;167;0;1
0;168;0;1
0;169;0.0209405;0.979059
0;170;0;1
0;171;0;1
0;172;0;1
0;173;0;1
0;174;0;1
0;175;0;1
0;176;0;1
0;177;0.0392436;0.960756
0;178;0;1
0;179;0;1
0;180;0;1
0;181;0;1
0;182;0;1
0;183;0.0592221;0.940778
0;184;0;1
0;185;5.55e-17;1
0;186;0;1
1;0;0;0
1;1;0;0
1;2;0;0
1;3;0;0
1;4;0;0
1;5;0;0
1;6;0;0
1;7;0;0
1;8;0;0
1;9;0;0
1;10;0;0
1;11;0;0
1;12;0;0
1;13;0;0
1;14;0;0
1;15;0;0
1;16;0;0
1;17;0;0
1;18;0;1
1;19;0.0552721;0.944728
1;20;0.038568;0.961432
1;21;0.0194785;0.980522
1;22;0.00211605;0.997884
1;23;0;1
1;24;0;1
1;25;0;1
1;26;0;1
1;27;0;1
1;28;0;1
1;29;0;1
1;30;5.55e-17;1
1;31;0;1
1;32;0;1
1;33;0;1
1;34;0;1
1;35;0;1
1;36;0;1
1;37;0;1
1;38;0;1
1;39;0;1
1;40;0;1
1;41;0;1
1;42;0;1
1;43;0;1
1;44;0.00865361;0.991346
1;45;0.0328132;0.967187
1;46;0.0231662;0.976834
1;47;0;1
1;48;0;1
1;49;0;1
1;50;5.55e-17;1
1;51;5.55e-17;1
1;52;0;1
1;53;0;1
1;54;0;1
1;55;0;1
1;56;0;1
1;57;0;1
1;58;0;1
1;59;0;1
1;60;0;1
1;61;0;1
1;62;0;1
1;63;0;1
1;64;0;1
1;65;0.00884887;0.991151
1;66;0;1
1;67;0;1
1;68;5.55e-17;1
1;69;0;1
1;70;0;1
1;71;0;1
1;72;0;1
1;73;0;1
1;74;0;1
1;75;0;1
1;76;0;1
1;77;0;1
1;78;0;1
1;79;0.0256878;0.974312
1;80;0;1
1;81;0.0543679;0.945632
1;82;0.0264102;0.97359
1;83;0.0209831;0.979017
1;84;0.0402502;0.95975
1;85;0.0444494;0.955551
1;86;0.0261067;0.973893
1;87;0.00934487;0.990655
1;88;0;1
1;89;0;1
1;90;0;1
1;91;0;1
1;92;0;1
1;93;0;1
1;94;0;1
1;95;0;1
1;96;0;1
1;97;0;1
1;98;0.00119115;0.998809
1;99;0.016211;0.983789
1;100;0;1
1;101;0;1
1;102;0;1
1;103;0;1
1;104;0;1
1;105;0;1
1;106;0;1
1;107;0;1
1;108;5.55e-17;1
1;109;0;1
1;110;0;1
1;111;0;1
1;112;0;1
1;113;0;1
1;114;0.0240379;0.975962
1;115;0.0536253;0.946375
1;116;0.0391891;0.960811
1;117;0.0145431;0.985457
1;118;0.00821472;0.991785
1;119;0.0236995;0.9763
1;120;0;1
1;121;0;1
1;122;0;1
1;123;0;1
1;124;0;1
1;125;0;1
1;126;0;1
1;127;5.55e-17;1
1;128;0;1
1;129;0;1
1;130;0;1
1;131;0;1
1;132;0;1
1;133;0;1
1;134;0;1
1;135;0;1
1;136;0;1
1;137;0;1
1;138;0;1
1;139;0;1
1;140;0;1
1;141;0;1
1;142;0;1
1;143;0;1
1;144;0;1
1;145;0;1
1;146;0;1
1;147;0.0481784;0.951822
1;148;0.0302946;0.969705
1;149;0;1
1;150;0;1
1;151;5.55e-17;1
1;152;0;1
1;153;0;1
1;154;0;1
1;155;5.55e-17;1
1;156;0;1
1;157;0;1
1;158;0;1
1;159;0.00577373;0.994226
1;160;0.0203878;0.979612
1;161;0;1
1;162;0;1
1;163;0;1
1;164;0;1
1;165;0;1
1;166;0;1
1;167;0.0161471;0.983853
1;168;0.0486321;0.951368
1;169;0;1
1;170;0;1
1;171;0.0049921;0.995008
1;172;0.0155649;0.984435
1;173;0.0187176;0.981282
1;174;0;1
1;175;0;1
1;176;0;1
1;177;0;1
1;178;0;1
1;179;0;1
1;180;0;1
1;181;0;1
1;182;0;1
1;183;0;1
1;184;0;1
1;185;0;1
1;186;0;1
2;0;0;0
2;1;0;0
2;2;0;0
2;3;0;0
2;4;0;0
2;5;0;0
2;6;0;0
2;7;0;0
2;8;0;0
2;9;0;0
2;10;0;0
2;11;0;0
2;12;0;0
2;13;0;0
2;14;0;0
2;15;0;0
2;16;0;0
2;17;0;0
2;18;0.153113;0.846887
2;19;0.0598243;0.940176
2;20;0.0348322;0.965168
2;21;0.0257535;0.974246
2;22;0.000639509;0.99936
2;23;0;1
2;24;0.00741415;0.992586
2;25;0.0172901;0.98271
2;26;0.0113717;0.988628
2;27;0.0399043;0.960096
2;28;0.0412931;0.958707
2;29;0.0099887;0.990011
2;30;0.0299405;0.97006
2;31;0.0111329;0.988867
2;32;0;1
2;33;0;1
2;34;0;1
2;35;0;1
2;36;0;1
2;37;0;1
2;38;0;1
2;39;5.55e-17;1
2;40;0;1
2;41;0;1
2;42;0;1
2;43;0;1
2;44;5.55e-17;1
2;45;0;1
2;46;0;1
2;47;5.55e-17;1
2;48;0;1
2;49;5.55e-17;1
2;50;0;1
2;51;0;1
2;52;0;1
2;53;0.0133845;0.986615
2;54;0;1
2;55;0;1
2;56;0.00447706;0.995523
2;57;0;1
2;58;0;1
2;59;0;1
2;60;0;1
2;61;0;1
2;62;0;1
2;63;0;1
2;64;0;1
2;65;0;1
2;66;0;1
2;67;0.00997435;0.990026
2;68;0.0183721;0.981628
2;69;0.0491448;0.950855
2;70;0.0512353;0.948765
2;71;0.0550799;0.94492
2;72;0;1
2;73;0;1
2;74;0.036598;0.963402
2;75;0;1
2;76;0;1
2;77;0;1
2;78;0;1
2;79;0;1
2;80;0;1
2;81;0;1
2;82;0;1
2;83;0;1
2;84;5.55e-17;1
2;85;0;1
2;86;0;1
2;87;0;1
2;88;0;1
2;89;0;1
2;90;0;1
2;91;0;1
2;92;0;1
2;93;0;1
2;94;0;1
2;95;0;1
2;96;0;1
2;97;0;1
2;98;0.00222734;0.997773
2;99;0.0275978;0.972402
2;100;0;1
2;101;0;1
2;102;0;1
2;103;0.0458129;0.954187
2;104;0.00425176;0.995748
2;105;0;1
2;106;0;1
2;107;5.55e-17;1
2;108;0;1
2;109;0;1
2;110;0;1
2;111;0;1
2;112;0;1
2;113;0;1
2;114;0;1
2;115;5.55e-17;1
2;116;0;1
2;117;5.55e-17;1
2;118;0;1
2;119;0.00714029;0.99286
2;120;0.0312938;0.968706
2;121;0.0118655;0.988135
2;122;0;1
2;123;0;1
2;124;0;1
2;125;0;1
2;126;0;1
2;127;5.55e-17;1
2;128;0;1
2;129;5.55e-17;1
2;130;0;1
2;131;0;1
2;132;0;1
2;133;0;1
2;134;0;1
2;135;0;1
2;136;0;1
2;137;0;1
2;138;0;1
2;139;5.55e-17;1
2;140;0;1
2;141;0;1
2;142;0.00037532;0.999625
2;143;0;1
2;144;0;1
2;145;0.0353731;0.964627
2;146;0;1
2;147;0;1
2;148;0.0385906;0.961409
2;149;0.000855161;0.999145
2;150;0;1
2;151;0;1
2;152;0;1
2;153;0.0269215;0.973079
2;154;0.000826599;0.999173
2;155;0;1
2;156;0;1
2;157;0;1
2;158;0;1
2;159;0.0295201;0.97048
2;160;0;1
2;161;0;1
2;162;0;1
2;163;0;1
2;164;0;1
2;165;5.55e-17;1
2;166;0;1
2;167;0;1
2;168;0;1
2;169;0;1
2;170;0.00799113;0.992009
2;171;0;1
2;172;0;1
2;173;0;1
2;174;5.55e-17;1
2;175;0;1
2;176;0;1
2;177;0;1
2;178;0;1
2;179;0.000884807;0.999115
2;180;0.0482537;0.951746
2;181;0;1
2;182;0.0240994;0.975901
2;183;0;1
2;184;0;1
2;185;0;1
2;186;0;1
3;0;0;0
3;1;0;0
3;2;0;0
3;3;0;0
3;4;0;0
3;5;0;0
3;6;0;0
3;7;0;0
3;8;0;0
3;9;0;0
3;10;0;0
3;11;0;0
3;12;0;0
3;13;0;0
3;14;0;0
3;15;0;0
3;16;0;0
3;17;0;0
3;18;0.163012;0.836988
3;19;0.0701421;0.929858
3;20;0.013475;0.986525
3;21;0;1
3;22;0;1
3;23;0;1
3;24;0;1
3;25;0;1
3;26;0;1
3;27;0.0133385;0.986662
3;28;0;1
3;29;0;1
3;30;0;1
3;31;0;1
3;32;0;1
3;33;0.00831765;0.991682
3;34;0.0152223;0.984778
3;35;0.0074082;0.992592
3;36;0;1
3;37;0.00285048;0.99715
3;38;0.0356911;0.964309
3;39;0.050793;0.949207
3;40;0.0282098;0.97179
3;41;0.0373474;0.962653
3;42;0;1
3;43;0.0465836;0.953416
3;44;0.00557813;0.994422
3;45;0;1
3;46;0;1
3;47;0;1
3;48;0;1
3;49;0;1
3;50;0;1
3;51;0;1
3;52;0;1
3;53;0;1
3;54;0;1
3;55;0;1
3;56;0;1
3;57;0;1
3;58;0;1
3;59;5.55e-17;1
3;60;5.55e-17;1
3;61;0;1
3;62;0;1
3;63;5.55e-17;1
3;64;0;1
3;65;0;1
3;66;0;1
3;67;5.55e-17;1
3;68;0;1
3;69;0;1
3;70;0;1
3;71;0;1
3;72;0;1
3;73;0;1
3;74;0;1
3;75;0;1
3;76;0.0376045;0.962396
3;77;0.0192854;0.980715
3;78;0;1
3;79;0;1
3;80;0;1
3;81;0;1
3;82;0;1
3;83;0;1
3;84;0;1
3;85;0;1
3;86;0;1
3;87;0;1
3;88;0;1
3;89;0;1
3;90;0;1
3;91;0;1
3;92;0;1
3;93;0;1
3;94;0;1
3;95;0;1
3;96;0;1
3;97;0;1
3;98;0;1
3;99;0;1
3;100;0;1
3;101;0;1
3;102;0;1
3;103;0;1
3;104;0.00412631;0.995874
3;105;0;1
3;106;0;1
3;107;0;1
3;108;0;1
3;109;0;1
3;110;0.0034319;0.996568
3;111;0.00701648;0.992984
3;112;0.0292599;0.97074
3;113;0.026445;0.973555
3;114;0.00808066;0.991919
3;115;0;1
3;116;0;1
3;117;0;1
3;118;0;1
3;119;0;1
3;120;0;1
3;121;0;1
3;122;0.0124693;0.987531
3;123;0.0361437;0.963856
3;124;0.0138261;0.986174
3;125;0;1
3;126;0;1
3;127;0;1
3;128;0;1
3;129;0;1
3;130;0;1
3;131;0.0209036;0.979096
3;132;0.0475984;0.952402
3;133;0.00303326;0.996967
3;134;5.55e-17;1
3;135;0;1
3;136;0;1
3;137;0;1
3;138;0.00382658;0.996173
3;139;0.0243924;0.975608
3;140;0.0235259;0.976474
3;141;0;1
3;142;0;1
3;143;0;1
3;144;0;1
3;145;0;1
3;146;0;1
3;147;0;1
3;148;0;1
3;149;0;1
3;150;0;1
3;151;5.55e-17;1
3;152;0;1
3;153;0;1
3;154;0;1
3;155;0;1
3;156;0;1
3;157;0;1
3;158;0;1
3;159;0;1
3;160;0;1
3;161;0;1
3;162;0;1
3;163;0;1
3;164;0;1
3;165;0;1
3;166;0.0316542;0.968346
3;167;0;1
3;168;0;1
3;169;0.0574568;0.942543
3;170;0;1
3;171;0;1
3;172;0;1
3;173;0.0461414;0.953859
3;174;0.0305892;0.969411
3;175;0.0258357;0.974164
3;176;0;1
3;177;0;1
3;178;0;1
3;179;0.0263505;0.97365
3;180;0.0173745;0.982625
3;181;0.032177;0.967823
3;182;0.0413634;0.958637
3;183;0.060864;0.939136
3;184;0;1
3;185;0;1
3;186;0.0259176;0.974082
4;0;0;0
4;1;0;0
4;2;0;0
4;3;0;0
4;4;0;0
4;5;0;0
4;6;0;0
4;7;0;0
4;8;0;0
4;9;0;0
4;10;0;0
4;11;0;0
4;12;0;0
4;13;0;0
4;14;0;0
4;15;0;0
4;16;0;0
4;17;0.125086;0.874914
4;18;0.222648;0.777352
4;19;0.0924576;0.907542
4;20;0;1
4;21;0;1
4;22;0;1
4;23;0.000659786;0.99934
4;24;0;1
4;25;0;1
4;26;0;1
4;27;0;1
4;28;0;1
4;29;0;1
4;30;0;1
4;31;0;1
4;32;0;1
4;33;0;1
4;34;0;1
4;35;5.55e-17;1
4;36;0;1
4;37;0;1
4;38;0;1
4;39;0;1
4;40;0;1
4;41;0;1
4;42;0;1
4;43;5.55e-17;1
4;44;0;1
4;45;0;1
4;46;0;1
4;47;0;1
4;48;0;1
4;49;0;1
4;50;0;1
4;51;0.00194407;0.998056
4;52;0;1
4;53;0;1
4;54;0;1
4;55;0.0503144;0.949686
4;56;0.0355697;0.96443
4;57;0.0119052;0.988095
4;58;0.0449037;0.955096
4;59;0.0514584;0.948542
4;60;0.0179323;0.982068
4;61;0;1
4;62;0;1
4;63;0;1
4;64;0;1
4;65;0;1
4;66;0;1
4;67;0;1
4;68;0;1
4;69;0;1
4;70;0;1
4;71;0;1
4;72;0;1
4;73;0;1
4;74;0;1
4;75;0;1
4;76;0;1
4;77;0;1
4;78;0;1
4;79;0;1
4;80;0;1
4;81;0;1
4;82;0;1
4;83;5.55e-17;1
4;84;0;1
4;85;0;1
4;86;5.55e-17;1
4;87;0;1
4;88;0;1
4;89;0;1
4;90;0;1
4;91;0;1
4;92;0;1
4;93;5.55e-17;1
4;94;0;1
4;95;0.0299755;0.970024
4;96;0.0509882;0.949012
4;97;0.0284493;0.971551
4;98;0;1
4;99;0;1
4;100;0;1
4;101;0;1
4;102;0;1
4;103;0;1
4;104;0;1
4;105;0;1
4;106;0;1
4;107;0;1
4;108;0;1
4;109;0;1
4;110;0;1
4;111;0;1
4;112;0;1
4;113;0;1
4;114;0;1
4;115;0;1
4;116;0;1
4;117;0;1
4;118;0;1
4;119;0;1
4;120;0;1
4;121;0;1
4;122;0;1
4;123;0;1
4;124;0;1
4;125;0;1
4;126;0;1
4;127;0;1
4;128;0;1
4;129;0;1
4;130;0;1
4;131;0;1
4;132;5.55e-17;1
4;133;0;1
4;134;5.55e-17;1
4;135;0;1
4;136;0;1
4;137;0;1
4;138;0.0174534;0.982547
4;139;0.00820073;0.991799
4;140;0;1
4;141;0;1
4;142;0.0246918;0.975308
4;143;0;1
4;144;0;1
4;145;0;1
4;146;0;1
4;147;0.010191;0.989809
4;148;0.00510752;0.994892
4;149;0.0109716;0.989028
4;150;0.0136567;0.986343
4;151;0.0120765;0.987924
4;152;0;1
4;153;0;1
4;154;0;1
4;155;0;1
4;156;0;1
4;157;0;1
4;158;0;1
4;159;0;1
4;160;0;1
4;161;0;1
4;162;0;1
4;163;0;1
4;164;0;1
4;165;0;1
4;166;0;1
4;167;0;1
4;168;0.00498944;0.995011
4;169;0;1
4;170;0;1
4;171;0;1
4;172;0;1
4;173;0;1
4;174;0;1
4;175;0;1
4;176;0;1
4;177;0;1
4;178;0;1
4;179;0;1
4;180;0;1
4;181;0;1
4;182;0;1
4;183;0;1
4;184;0;1
4;185;0;1
4;186;0;1
5;0;0;0
5;1;0;0
5;2;0;0
5;3;0;0
5;4;0;0
5;5;0;0
5;6;0;0
5;7;0;0
5;8;0;0
5;9;0;0
5;10;0;0
5;11;0;0
5;12;0;0
5;13;0;0
5;14;0;0
5;15;0;0
5;16;0.129427;0.870573
5;17;0.128022;0.871978
5;18;0.0689036;0.931096
5;19;0.0431594;0.956841
5;20;0.0141609;0.985839
5;21;0;1
5;22;0;1
5;23;0;1
5;24;0;1
5;25;0;1
5;26;0;1
5;27;0;1
5;28;0;1
5;29;0;1
5;30;0;1
5;31;0;1
5;32;0;1
5;33;0;1
5;34;0;1
5;35;0;1
5;36;0;1
5;37;0;1
5;38;0;1
5;39;0;1
5;40;0;1
5;41;0;1
5;42;0.0274144;0.972586
5;43;0;1
5;44;0;1
5;45;0;1
5;46;0;1
5;47;0;1
5;48;0;1
5;49;0;1
5;50;0;1
5;51;0;1
5;52;0;1
5;53;0;1
5;54;0;1
5;55;0;1
5;56;0;1
5;57;0;1
5;58;0;1
5;59;0;1
5;60;0;1
5;61;0;1
5;62;0.00349861;0.996501
5;63;0.00482135;0.995179
5;64;0;1
5;65;0;1
5;66;0;1
5;67;0.0188468;0.981153
5;68;0;1
5;69;0;1
5;70;0;1
5;71;0;1
5;72;0;1
5;73;0;1
5;74;0;1
5;75;0;1
5;76;0.0459748;0.954025
5;77;0;1
5;78;0;1
5;79;0;1
5;80;0;1
5;81;0;1
5;82;0.00402716;0.995973
5;83;0;1
5;84;0;1
5;85;0;1
5;86;0;1
5;87;0;1
5;88;0;1
5;89;0;1
5;90;0;1
5;91;0.0152975;0.984702
5;92;0.00333734;0.996663
5;93;0;1
5;94;0;1
5;95;0;1
5;96;0;1
5;97;0;1
5;98;0;1
5;99;0;1
5;100;0;1
5;101;0;1
5;102;0;1
5;103;0;1
5;104;0;1
5;105;0;1
5;106;0;1
5;107;0;1
5;108;0;1
5;109;0;1
5;110;0;1
5;111;5.55e-17;1
5;112;0;1
5;113;0;1
5;114;0;1
5;115;0;1
5;116;0;1
5;117;0;1
5;118;0;1
5;119;0;1
5;120;0;1
5;121;0;1
5;122;0;1
5;123;0;1
5;124;0;1
5;125;0;1
5;126;0;1
5;127;0;1
5;128;0;1
5;129;0;1
5;130;0;1
5;131;0.00224924;0.997751
5;132;0.0126099;0.98739
5;133;0.0153964;0.984604
5;134;0.0206625;0.979337
5;135;0;1
5;136;0;1
5;137;0;1
5;138;0;1
5;139;0.00617405;0.993826
5;140;0.0418184;0.958182
5;141;0.0400599;0.95994
5;142;0.0172457;0.982754
5;143;0.00796709;0.992033
5;144;0.039871;0.960129
5;145;0.0542881;0.945712
5;146;0.0294802;0.97052
5;147;0;1
5;148;0;1
5;149;0.0123282;0.987672
5;150;0;1
5;151;0;1
5;152;0.0104476;0.989552
5;153;0;1
5;154;0;1
5;155;0.0276841;0.972316
5;156;0;1
5;157;0;1
5;158;0.0366924;0.963308
5;159;0.00557312;0.994427
5;160;0;1
5;161;0;1
5;162;0.0121407;0.987859
5;163;0.0326361;0.967364
5;164;0.0433121;0.956688
5;165;0.0515424;0.948458
5;166;0.0286533;0.971347
5;167;0.00541374;0.994586
5;168;0;1
5;169;0;1
5;170;0;1
5;171;0;1
5;172;0;1
5;173;0;1
5;174;0;1
5;175;0;1
5;176;0;1
5;177;0;1
5;178;0;1
5;179;0;1
5;180;0;1
5;181;0.0294528;0.970547
5;182;0.0380104;0.96199
5;183;0.0188727;0.981127
5;184;0.0116564;0.988344
5;185;0.0142282;0.985772
5;186;0.00621671;0.993783
6;0;0;0
6;1;0;0
6;2;0;0
6;3;0;0
6;4;0;0
6;5;0;0
6;6;0;0
6;7;0;0
6;8;0;0
6;9;0;0
6;10;0;0
6;11;0;0
6;12;0;0
6;13;0;0
6;14;0;0
6;15;0;0
6;16;0.154081;0.845919
6;17;0.112039;0.887961
6;18;0;1
6;19;0;1
6;20;0.00174625;0.998254
6;21;0;1
6;22;0;1
6;23;0;1
6;24;0;1
6;25;0;1
6;26;0;1
6;27;0;1
6;28;0.00379785;0.996202
6;29;0.0088575;0.991143
6;30;5.55e-17;1
6;31;0;1
6;32;0;1
6;33;0.0123071;0.987693
6;34;0.0145516;0.985448
6;35;0;1
6;36;0;1
6;37;0;1
6;38;0;1
6;39;0.00873056;0.991269
6;40;0.00718465;0.992815
6;41;0;1
6;42;0;1
6;43;0.00773069;0.992269
6;44;0.027595;0.972405
6;45;0.0123542;0.987646
6;46;0;1
6;47;0.00264841;0.997352
6;48;0.00222836;0.997772
6;49;0;1
6;50;0;1
6;51;0;1
6;52;0;1
6;53;0;1
6;54;0;1
6;55;0;1
6;56;0;1
6;57;0;1
6;58;0;1
6;59;0;1
6;60;0;1
6;61;0;1
6;62;0;1
6;63;0;1
6;64;0;1
6;65;0;1
6;66;0;1
6;67;0;1
6;68;0;1
6;69;0;1
6;70;0;1
6;71;0.00254141;0.997459
6;72;0.00910577;0.990894
6;73;0;1
6;74;0;1
6;75;0;1
6;76;0;1
6;77;0;1
6;78;5.55e-17;1
6;79;5.55e-17;1
6;80;0;1
6;81;0;1
6;82;0;1
6;83;0;1
6;84;0.000401688;0.999598
6;85;0.000551782;0.999448
6;86;0.00125128;0.998749
6;87;0;1
6;88;0;1
6;89;0;1
6;90;0;1
6;91;0;1
6;92;0;1
6;93;0;1
6;94;0;1
6;95;0;1
6;96;0;1
6;97;0;1
6;98;0;1
6;99;0;1
6;100;0;1
6;101;0;1
6;102;0;1
6;103;0;1
6;104;0;1
6;105;0.0426962;0.957304
6;106;0.0282327;0.971767
6;107;0.0023163;0.997684
6;108;0;1
6;109;0;1
6;110;0;1
6;111;0;1
6;112;0;1
6;113;0;1
6;114;0.0104278;0.989572
6;115;0.0470274;0.952973
6;116;0.0271304;0.97287
6;117;0;1
6;118;0;1
6;119;0;1
6;120;0;1
6;121;0;1
6;122;0;1
6;123;5.55e-17;1
6;124;0;1
6;125;0;1
6;126;0;1
6;127;0;1
6;128;0;1
6;129;0;1
6;130;0.0082016;0.991798
6;131;0.0450664;0.954934
6;132;0.0397142;0.960286
6;133;0;1
6;134;0;1
6;135;0;1
6;136;0;1
6;137;0;1
6;138;0;1
6;139;0;1
6;140;0;1
6;141;5.55e-17;1
6;142;0;1
6;143;0;1
6;144;0;1
6;145;0;1
6;146;0;1
6;147;0;1
6;148;0;1
6;149;0;1
6;150;0;1
6;151;0;1
6;152;0;1
6;153;0;1
6;154;0;1
6;155;0;1
6;156;0;1
6;157;0;1
6;158;0;1
6;159;0;1
6;160;0;1
6;161;0;1
6;162;0;1
6;163;0;1
6;164;0;1
6;165;0;1
6;166;0;1
6;167;0;1
6;168;0;1
6;169;0;1
6;170;0;1
6;171;0;1
6;172;0;1
6;173;0;1
6;174;0;1
6;175;0;1
6;176;0;1
6;177;0;1
6;178;0;1
6;179;0;1
6;180;0.015047;0.984953
6;181;0.00138346;0.998617
6;182;0;1
6;183;0;1
6;184;0;1
6;185;0;1
6;186;5.55e-17;1
7;0;0;0
7;1;0;0
7;2;0;0
7;3;0;0
7;4;0;0
7;5;0;0
7;6;0;0
7;7;0;0
7;8;0;0
7;9;0;0
7;10;0;0
7;11;0;0
7;12;0;0
7;13;0;0
7;14;0;0
7;15;0.150102;0.849898
7;16;0.216138;0.783862
7;17;0.22054;0.77946
7;18;0.13273;0.86727
7;19;0.0391465;0.960854
7;20;0.0307005;0.9693
7;21;0.0163598;0.98364
7;22;0;1
7;23;0.0177236;0.982276
7;24;0.0316909;0.968309
7;25;0;1
7;26;0;1
7;27;0;1
7;28;0;1
7;29;0;1
7;30;0;1
7;31;5.55e-17;1
7;32;0;1
7;33;0;1
7;34;0;1
7;35;0;1
7;36;0;1
7;37;0;1
7;38;0;1
7;39;0;1
7;40;0;1
7;41;0;1
7;42;0;1
7;43;0;1
7;44;0;1
7;45;0;1
7;46;0;1
7;47;0;1
7;48;0;1
7;49;0;1
7;50;0;1
7;51;0;1
7;52;0;1
7;53;0;1
7;54;0;1
7;55;0;1
7;56;0;1
7;57;0;1
7;58;0;1
7;59;0;1
7;60;0;1
7;61;0;1
7;62;0;1
7;63;0.0258488;0.974151
7;64;0;1
7;65;0;1
7;66;0.0316863;0.968314
7;67;0;1
7;68;0;1
7;69;0;1
7;70;0;1
7;71;0;1
7;72;0;1
7;73;0;1
7;74;0;1
7;75;0;1
7;76;0;1
7;77;0;1
7;78;0;1
7;79;0.00456263;0.995437
7;80;0.0163893;0.983611
7;81;0.00460562;0.995394
7;82;0;1
7;83;0;1
7;84;0;1
7;85;0;1
7;86;0;1
7;87;0;1
7;88;0;1
7;89;0;1
7;90;0;1
7;91;0;1
7;92;0;1
7;93;0;1
7;94;0.00911153;0.990888
7;95;0;1
7;96;0;1
7;97;0.0205042;0.979496
7;98;0.0324164;0.967584
7;99;0.0131149;0.986885
7;100;0;1
7;101;0;1
7;102;0;1
7;103;0;1
7;104;0;1
7;105;0;1
7;106;0;1
7;107;0;1
7;108;0;1
7;109;0;1
7;110;0;1
7;111;0;1
7;112;0;1
7;113;0.0227608;0.977239
7;114;0;1
7;115;0;1
7;116;0;1
7;117;0;1
7;118;0;1
7;119;0;1
7;120;0;1
7;121;0;1
7;122;0;1
7;123;0;1
7;124;0;1
7;125;0;1
7;126;0;1
7;127;0;1
7;128;0;1
7;129;0.0286259;0.971374
7;130;0;1
7;131;0;1
7;132;0.0211881;0.978812
7;133;0.0348152;0.965185
7;134;0.0344829;0.965517
7;135;0;1
7;136;0;1
7;137;0;1
7;138;0;1
7;139;0;1
7;140;0;1
7;141;0.0161265;0.983873
7;142;0.0229284;0.977072
7;143;0.029444;0.970556
7;144;0.00488636;0.995114
7;145;0;1
7;146;0;1
7;147;0;1
7;148;0;1
7;149;0;1
7;150;0;1
7;151;0;1
7;152;0;1
7;153;0.00812162;0.991878
7;154;0;1
7;155;0;1
7;156;0;1
7;157;0;1
7;158;0;1
7;159;0;1
7;160;0.0232015;0.976798
7;161;0;1
7;162;0;1
7;163;0;1
7;164;0.00732744;0.992673
7;165;0.0135276;0.986472
7;166;0.0201296;0.97987
7;167;0;1
7;168;0;1
7;169;0;1
7;170;0;1
7;171;0;1
7;172;0;1
7;173;0;1
7;174;0;1
7;175;0;1
7;176;0;1
7;177;0;1
7;178;0;1
7;179;0;1
7;180;0;1
7;181;0.0370862;0.962914
7;182;0;1
7;183;0;1
7;184;0;1
7;185;0;1
7;186;0.010523;0.989477
8;0;0;0
8;1;0;0
8;2;0;0
8;3;0;0
8;4;0;0
8;5;0;0
8;6;0;0
8;7;0;0
8;8;0;0
8;9;0;0
8;10;0;0
8;11;0;0
8;12;0;0
8;13;0;0
8;14;0;0
8;15;0.120375;0.879625
8;16;0.0812975;0.918703
8;17;0.0475732;0.952427
8;18;0.0495799;0.95042
8;19;0.0345207;0.965479
8;20;0.00903381;0.990966
8;21;0.0219901;0.97801
8;22;0.0343495;0.96565
8;23;0.0235161;0.976484
8;24;0.000407068;0.999593
8;25;0;1
8;26;0;1
8;27;0;1
8;28;0;1
8;29;5.55e-17;1
8;30;0;1
8;31;0;1
8;32;0.0325769;0.967423
8;33;0;1
8;34;0.0302792;0.969721
8;35;0;1
8;36;0;1
8;37;0.0349821;0.965018
8;38;0.00641957;0.99358
8;39;0.00954957;0.99045
8;40;0;1
8;41;0.00846452;0.991535
8;42;0.00426505;0.995735
8;43;0.00517051;0.994829
8;44;0.0130478;0.986952
8;45;0.0134656;0.986534
8;46;0.00129704;0.998703
8;47;0;1
8;48;0;1
8;49;0;1
8;50;0;1
8;51;0;1
8;52;0;1
8;53;0;1
8;54;0;1
8;55;0;1
8;56;0;1
8;57;0;1
8;58;0;1
8;59;0;1
8;60;0;1
8;61;0;1
8;62;5.55e-17;1
8;63;0;1
8;64;0;1
8;65;0;1
8;66;0;1
8;67;0;1
8;68;0;1
8;69;0;1
8;70;0;1
8;71;0;1
8;72;0;1
8;73;0;1
8;74;0;1
8;75;0;1
8;76;0;1
8;77;0;1
8;78;0;1
8;79;0;1
8;80;0;1
8;81;0;1
8;82;0.011432;0.988568
8;83;0.0202297;0.97977
8;84;0.0148431;0.985157
8;85;0;1
8;86;0.0106158;0.989384
8;87;0.0320626;0.967937
8;88;0.00722256;0.992777
8;89;0;1
8;90;0;1
8;91;0;1
8;92;0;1
8;93;0;1
8;94;0;1
8;95;0;1
8;96;0;1
8;97;0;1
8;98;0;1
8;99;0;1
8;100;0;1
8;101;0;1
8;102;0;1
8;103;0;1
8;104;0.00501957;0.99498
8;105;0.0469544;0.953046
8;106;0;1
8;107;0;1
8;108;0.024201;0.975799
8;109;0;1
8;110;0;1
8;111;0.0276196;0.97238
8;112;0.0165751;0.983425
8;113;0.0186833;0.981317
8;114;0.0288393;0.971161
8;115;0.0461323;0.953868
8;116;0.033883;0.966117
8;117;0.00226681;0.997733
8;118;0;1
8;119;0;1
8;120;0;1
8;121;0;1
8;122;0;1
8;123;0;1
8;124;0.00633168;0.993668
8;125;0;1
8;126;0;1
8;127;0;1
8;128;0;1
8;129;0;1
8;130;0;1
8;131;0.0143842;0.985616
8;132;0.0480455;0.951954
8;133;0.0314722;0.968528
8;134;0.00563558;0.994364
8;135;0;1
8;136;0;1
8;137;0;1
8;138;0;1
8;139;0;1
8;140;0;1
8;141;0;1
8;142;0;1
8;143;0;1
8;144;0;1
8;145;0;1
8;146;0;1
8;147;0;1
8;148;5.55e-17;1
8;149;0;1
8;150;0;1
8;151;0;1
8;152;0;1
8;153;0;1
8;154;0;1
8;155;0;1
8;156;0;1
8;157;0;1
8;158;0;1
8;159;0;1
8;160;0;1
8;161;0.0189431;0.981057
8;162;0.0104191;0.989581
8;163;0;1
8;164;0;1
8;165;0;1
8;166;0;1
8;167;0;1
8;168;0;1
8;169;0.0281735;0.971826
8;170;0.0239056;0.976094
8;171;0.0158221;0.984178
8;172;0.0604267;0.939573
8;173;0.0653659;0.934634
8;174;0.00333348;0.996667
8;175;0;1
8;176;0;1
8;177;0;1
8;178;0;1
8;179;0;1
8;180;0;1
8;181;0.0236773;0.976323
8;182;0.0250459;0.974954
8;183;0;1
8;184;0;1
8;185;0;1
8;186;0;1
9;0;0;0
9;1;0;0
9;2;0;0
9;3;0;0
9;4;0;0
9;5;0;0
9;6;0;0
9;7;0;0
9;8;0;0
9;9;0;0
9;10;0;0
9;11;0;0
9;12;0;0
9;13;0.102931;0.897069
9;14;0.137534;0.862466
9;15;0.177389;0.822611
9;16;0.146433;0.853567
9;17;0.0850502;0.91495
9;18;0.0518586;0.948141
9;19;0.0538187;0.946181
9;20;0.0203681;0.979632
9;21;0.00271376;0.997286
9;22;0;1
9;23;0;1
9;24;0;1
9;25;0;1
9;26;0;1
9;27;0;1
9;28;0;1
9;29;0;1
9;30;5.55e-17;1
9;31;0;1
9;32;0;1
9;33;0;1
9;34;0;1
9;35;0;1
9;36;0;1
9;37;0;1
9;38;0;1
9;39;0;1
9;40;0;1
9;41;0;1
9;42;0;1
9;43;0;1
9;44;0;1
9;45;0;1
9;46;0.0341305;0.96587
9;47;0.0297613;0.970239
9;48;0.0048705;0.995129
9;49;0;1
9;50;0;1
9;51;0;1
9;52;0;1
9;53;5.55e-17;1
9;54;0;1
9;55;5.55e-17;1
9;56;0;1
9;57;0;1
9;58;0;1
9;59;0;1
9;60;0;1
9;61;0.0294377;0.970562
9;62;0.051833;0.948167
9;63;0.0505053;0.949495
9;64;0.00399619;0.996004
9;65;0;1
9;66;0;1
9;67;0;1
9;68;0;1
9;69;0;1
9;70;0;1
9;71;0.0230359;0.976964
9;72;0.00247527;0.997525
9;73;0;1
9;74;0;1
9;75;0;1
9;76;0;1
9;77;0;1
9;78;0;1
9;79;0;1
9;80;0;1
9;81;0;1
9;82;0;1
9;83;5.55e-17;1
9;84;0;1
9;85;0;1
9;86;0;1
9;87;0;1
9;88;5.55e-17;1
9;89;0;1
9;90;0;1
9;91;0;1
9;92;0;1
9;93;0;1
9;94;0;1
9;95;0;1
9;96;0;1
9;97;0;1
9;98;0;1
9;99;0;1
9;100;0;1
9;101;0;1
9;102;0;1
9;103;0;1
9;104;0;1
9;105;0;1
9;106;0;1
9;107;0;1
9;108;0;1
9;109;5.55e-17;1
9;110;0;1
9;111;0;1
9;112;0;1
9;113;0;1
9;114;0.0112708;0.988729
9;115;0.00838315;0.991617
9;116;0;1
9;117;0;1
9;118;0;1
9;119;0;1
9;120;0;1
9;121;0;1
9;122;0;1
9;123;5.55e-17;1
9;124;0;1
9;125;0;1
9;126;0;1
9;127;0;1
9;128;0;1
9;129;0;1
9;130;0;1
9;131;0.0101766;0.989823
9;132;0;1
9;133;0;1
9;134;0;1
9;135;0.0385518;0.961448
9;136;0.00772716;0.992273
9;137;0;1
9;138;0;1
9;139;0;1
9;140;0;1
9;141;0;1
9;142;0;1
9;143;0;1
9;144;0;1
9;145;0;1
9;146;0;1
9;147;0;1
9;148;0;1
9;149;0;1
9;150;0;1
9;151;0;1
9;152;0;1
9;153;0;1
9;154;0;1
9;155;0;1
9;156;0;1
9;157;0.037667;0.962333
9;158;0;1
9;159;0;1
9;160;0;1
9;161;0.0169615;0.983039
9;162;0;1
9;163;0;1
9;164;0;1
9;165;0;1
9;166;0;1
9;167;0;1
9;168;0;1
9;169;0;1
9;170;0;1
9;171;5.55e-17;1
9;172;0;1
9;173;0;1
9;174;0;1
9;175;5.55e-17;1
9;176;0;1
9;177;0;1
9;178;0;1
9;179;0;1
9;180;0;1
9;181;0;1
9;182;0.0276741;0.972326
9;183;0.0401813;0.959819
9;184;0.0182964;0.981704
9;185;0;1
9;186;0.00737359;0.992626
10;0;0;0
10;1;0;0
10;2;0;0
10;3;0;0
10;4;0;0
10;5;0;0
10;6;0;0
10;7;0;0
10;8;0;0
10;9;0;0
10;10;0;0
10;11;0;0
10;12;0.0973397;0.90266
10;13;0.051192;0.948808
10;14;0.0645153;0.935485
10;15;0.114173;0.885827
10;16;0.0552797;0.94472
10;17;0.0162496;0.98375
10;18;5.55e-17;1
10;19;0;1
10;20;0;1
10;21;0;1
10;22;0;1
10;23;0;1
10;24;0;1
10;25;0;1
10;26;0;1
10;27;0;1
10;28;0;1
10;29;0;1
10;30;0;1
10;31;0;1
10;32;0;1
10;33;0;1
10;34;0;1
10;35;0;1
10;36;0;1
10;37;0;1
10;38;0;1
10;39;0;1
10;40;0;1
10;41;0;1
10;42;0;1
10;43;0;1
10;44;0;1
10;45;0;1
10;46;0;1
10;47;5.55e-17;1
10;48;0;1
10;49;0;1
10;50;0;1
10;51;0;1
10;52;0;1
10;53;0;1
10;54;0;1
10;55;0;1
10;56;0;1
10;57;0;1
10;58;0;1
10;59;0;1
10;60;0;1
10;61;0;1
10;62;0;1
10;63;5.55e-17;1
10;64;0;1
10;65;0.0127912;0.987209
10;66;0.00848439;0.991516
10;67;0.0198037;0.980196
10;68;0.0494749;0.950525
10;69;0.0449838;0.955016
10;70;0;1
10;71;0.0122912;0.987709
10;72;0.0155004;0.9845
10;73;0.000363667;0.999636
10;74;0.0236961;0.976304
10;75;0.0140809;0.985919
10;76;0;1
10;77;0;1
10;78;0;1
10;79;5.55e-17;1
10;80;0;1
10;81;0;1
10;82;0;1
10;83;0;1
10;84;0;1
10;85;0;1
10;86;0;1
10;87;0.0156298;0.98437
10;88;0;1
10;89;0;1
10;90;0;1
10;91;0.0582257;0.941774
10;92;0;1
10;93;0;1
10;94;0;1
10;95;0.00722157;0.992778
10;96;0.00532244;0.994678
10;97;5.55e-17;1
10;98;0;1
10;99;0;1
10;100;0.00344989;0.99655
10;101;0.0377785;0.962221
10;102;0.0660559;0.933944
10;103;0.0140806;0.985919
10;104;0;1
10;105;0;1
10;106;0;1
10;107;0;1
10;108;0;1
10;109;0.0334976;0.966502
10;110;0.0434006;0.956599
10;111;0.0386717;0.961328
10;112;0.018191;0.981809
10;113;0;1
10;114;0;1
10;115;0;1
10;116;0;1
10;117;0;1
10;118;0;1
10;119;0;1
10;120;0;1
10;121;0;1
10;122;0.053246;0.946754
10;123;0.116715;0.883285
10;124;0.0738395;0.92616
10;125;0.0104556;0.989544
10;126;0;1
10;127;0.0155104;0.98449
10;128;0;1
10;129;0;1
10;130;0;1
10;131;0.00783562;0.992164
10;132;0;1
10;133;0;1
10;134;0;1
10;135;0;1
10;136;0;1
10;137;0;1
10;138;0;1
10;139;0;1
10;140;0;1
10;141;0;1
10;142;0;1
10;143;0;1
10;144;0.00299088;0.997009
10;145;0.0110617;0.988938
10;146;0.0140387;0.985961
10;147;0.0229445;0.977056
10;148;0.045298;0.954702
10;149;0.0388181;0.961182
10;150;0.0141012;0.985899
10;151;0;1
10;152;0;1
10;153;0;1
10;154;0.00308839;0.996912
10;155;0.0311504;0.96885
10;156;0.0467628;0.953237
10;157;0.0367921;0.963208
10;158;0.00609703;0.993903
10;159;0;1
10;160;0;1
10;161;0;1
10;162;0;1
10;163;0;1
10;164;0;1
10;165;0;1
10;166;0;1
10;167;0;1
10;168;0;1
10;169;0.0328163;0.967184
10;170;0.0192807;0.980719
10;171;0;1
10;172;0;1
10;173;0;1
10;174;0;1
10;175;0;1
10;176;0;1
10;177;0;1
10;178;0;1
10;179;0;1
10;180;0;1
10;181;0.0373277;0.962672
10;182;0.00357389;0.996426
10;183;0;1
10;184;0;1
10;185;0;1
10;186;0.0266552;0.973345
11;0;0;0
11;1;0;0
11;2;0;0
11;3;0;0
11;4;0;0
11;5;0;0
11;6;0;0
11;7;0;0
11;8;0;0
11;9;0;0
11;10;0;0
11;11;0;0
11;12;0.262418;0.737582
11;13;0.216095;0.783905
11;14;0.178514;0.821486
11;15;0.13964;0.86036
11;16;0.11035;0.88965
11;17;0.103064;0.896936
11;18;0.114486;0.885514
11;19;0.113869;0.886131
11;20;0.0899078;0.910092
11;21;0.033676;0.966324
11;22;0.0193922;0.980608
11;23;0.0126193;0.987381
11;24;0;1
11;25;0;1
11;26;0;1
11;27;5.55e-17;1
11;28;0;1
11;29;0;1
11;30;0;1
11;31;0;1
11;32;0;1
11;33;0;1
11;34;0;1
11;35;0;1
11;36;0;1
11;37;0;1
11;38;0;1
11;39;0.0102347;0.989765
11;40;0;1
11;41;0;1
11;42;0.00404874;0.995951
11;43;0;1
11;44;0;1
11;45;0;1
11;46;0;1
11;47;0.00425916;0.995741
11;48;0.0328391;0.967161
11;49;0.0625372;0.937463
11;50;0.0389249;0.961075
11;51;0;1
11;52;0;1
11;53;0.0327576;0.967242
11;54;0.0348619;0.965138
11;55;0.0189997;0.981
11;56;0;1
11;57;0;1
11;58;0;1
11;59;0;1
11;60;0.035101;0.964899
11;61;0.0207706;0.979229
11;62;0.0195681;0.980432
11;63;0.017098;0.982902
11;64;0.00786714;0.992133
11;65;5.55e-17;1
11;66;0;1
11;67;0;1
11;68;0;1
11;69;0;1
11;70;0.0409717;0.959028
11;71;0.049673;0.950327
11;72;0.036434;0.963566
11;73;0.0400285;0.959971
11;74;0.0490116;0.950988
11;75;0.0143766;0.985623
11;76;0;1
11;77;0;1
11;78;0;1
11;79;0;1
11;80;5.55e-17;1
11;81;0;1
11;82;0;1
11;83;0;1
11;84;0;1
11;85;0;1
11;86;0;1
11;87;0;1
11;88;0;1
11;89;5.55e-17;1
11;90;0;1
11;91;0;1
11;92;0;1
11;93;0;1
11;94;0;1
11;95;0;1
11;96;0;1
11;97;0;1
11;98;0;1
11;99;0;1
11;100;0;1
11;101;0;1
11;102;0;1
11;103;0.0169969;0.983003
11;104;0;1
11;105;0;1
11;106;0.0150477;0.984952
11;107;0.0458915;0.954109
11;108;0.014713;0.985287
11;109;0.0257409;0.974259
11;110;0.0251636;0.974836
11;111;0.019002;0.980998
11;112;0;1
11;113;0;1
11;114;0;1
11;115;0;1
11;116;0;1
11;117;0;1
11;118;0;1
11;119;5.55e-17;1
11;120;0;1
11;121;0;1
11;122;0;1
11;123;0.0295766;0.970423
11;124;0.0462026;0.953797
11;125;0.0164628;0.983537
11;126;0;1
11;127;0;1
11;128;0;1
11;129;5.55e-17;1
11;130;0;1
11;131;0.0228039;0.977196
11;132;0.0276136;0.972386
11;133;0.0128004;0.9872
11;134;0.0244533;0.975547
11;135;0.0240395;0.97596
11;136;0.0012014;0.998799
11;137;0;1
11;138;0.0376334;0.962367
11;139;0.103669;0.896331
11;140;0;1
11;141;0;1
11;142;0;1
11;143;0;1
11;144;0;1
11;145;0;1
11;146;0;1
11;147;0.0222578;0.977742
11;148;0;1
11;149;0;1
11;150;0;1
11;151;0;1
11;152;0.00533228;0.994668
11;153;0;1
11;154;0;1
11;155;0;1
11;156;0;1
11;157;0.00226043;0.99774
11;158;0;1
11;159;0;1
11;160;0;1
11;161;5.55e-17;1
11;162;0;1
11;163;0;1
11;164;0;1
11;165;5.55e-17;1
11;166;0;1
11;167;0;1
11;168;0;1
11;169;0;1
11;170;0;1
11;171;0;1
11;172;0;1
11;173;0;1
11;174;0;1
11;175;0;1
11;176;0;1
11;177;0;1
11;178;0;1
11;179;0;1
11;180;0.0386779;0.961322
11;181;0.0144138;0.985586
11;182;0.0118308;0.988169
11;183;0;1
11;184;0;1
11;185;0;1
11;186;0;1
12;0;0;0
12;1;0;0
12;2;0;0
12;3;0;0
12;4;0;0
12;5;0;0
12;6;0;0
12;7;0;0
12;8;0;0
12;9;0;0
12;10;0;0
12;11;0;1
12;12;0;1
12;13;0;1
12;14;0;1
12;15;0.00152772;0.998472
12;16;0;1
12;17;0;1
12;18;0.000256944;0.999743
12;19;0;1
12;20;0;1
12;21;0;1
12;22;0;1
12;23;0;1
12;24;0;1
12;25;0.0248762;0.975124
12;26;0.0934768;0.906523
12;27;0.0838958;0.916104
12;28;0.0307223;0.969278
12;29;0.0104971;0.989503
12;30;0.00596535;0.994035
12;31;5.55e-17;1
12;32;0;1
12;33;0;1
12;34;0;1
12;35;0;1
12;36;0;1
12;37;0;1
12;38;0;1
12;39;0;1
12;40;0;1
12;41;0;1
12;42;0;1
12;43;0;1
12;44;0;1
12;45;0;1
12;46;0;1
12;47;0;1
12;48;5.55e-17;1
12;49;0;1
12;50;0;1
12;51;0.00247844;0.997522
12;52;0;1
12;53;0;1
12;54;0;1
12;55;0;1
12;56;0;1
12;57;0;1
12;58;0;1
12;59;0;1
12;60;0;1
12;61;0;1
12;62;0;1
12;63;0;1
12;64;0;1
12;65;0;1
12;66;0;1
12;67;0;1
12;68;0;1
12;69;0;1
12;70;0;1
12;71;0;1
12;72;0;1
12;73;0;1
12;74;0;1
12;75;0;1
12;76;0;1
12;77;0;1
12;78;0;1
12;79;0;1
12;80;0;1
12;81;0;1
12;82;0;1
12;83;0;1
12;84;0;1
12;85;0;1
12;86;0;1
12;87;0;1
12;88;0;1
12;89;0;1
12;90;0;1
12;91;0;1
12;92;0;1
12;93;0;1
12;94;0;1
12;95;0;1
12;96;0;1
12;97;0;1
12;98;0;1
12;99;0;1
12;100;0.018074;0.981926
12;101;0;1
12;102;0.0493875;0.950612
12;103;0.0389121;0.961088
12;104;0;1
12;105;0.0566713;0.943329
12;106;0;1
12;107;0;1
12;108;0;1
12;109;0;1
12;110;5.55e-17;1
12;111;5.55e-17;1
12;112;0;1
12;113;0;1
12;114;0;1
12;115;0;1
12;116;0;1
12;117;0;1
12;118;0;1
12;119;0.0318703;0.96813
12;120;0;1
12;121;0.0568393;0.943161
12;122;0.0198684;0.980132
12;123;0;1
12;124;0;1
12;125;0;1
12;126;0;1
12;127;5.55e-17;1
12;128;5.55e-17;1
12;129;0.0023273;0.997673
12;130;0.0140315;0.985969
12;131;0;1
12;132;5.55e-17;1
12;133;0;1
12;134;0;1
12;135;0;1
12;136;0;1
12;137;0.022746;0.977254
12;138;0.0496621;0.950338
12;139;0.0338158;0.966184
12;140;0;1
12;141;0;1
12;142;0;1
12;143;0.0120518;0.987948
12;144;0;1
12;145;0;1
12;146;0;1
12;147;0.00348346;0.996517
12;148;0;1
12;149;0.00948725;0.990513
12;150;0.025169;0.974831
12;151;0.0101501;0.98985
12;152;0;1
12;153;0;1
12;154;0;1
12;155;0;1
12;156;0;1
12;157;0;1
12;158;0;1
12;159;0;1
12;160;0;1
12;161;0;1
12;162;0;1
12;163;0;1
12;164;0;1
12;165;0;1
12;166;0;1
12;167;0;1
12;168;0;1
12;169;0;1
12;170;0;1
12;171;0;1
12;172;0;1
12;173;0;1
12;174;0;1
12;175;0;1
12;176;0;1
12;177;0;1
12;178;0;1
12;179;0;1
12;180;0;1
12;181;5.55e-17;1
12;182;0;1
12;183;0;1
12;184;0;1
12;185;0.0242474;0.975753
12;186;0.0310614;0.968939
13;0;0;0
13;1;0;0
13;2;0;0
13;3;0;0
13;4;0;0
13;5;0;0
13;6;0.139265;0.860735
13;7;0.072365;0.927635
13;8;0.0305587;0.969441
13;9;0.0714515;0.928549
13;10;0.0770533;0.922947
13;11;0.0348641;0.965136
13;12;0.00225601;0.997744
13;13;0.0424382;0.957562
13;14;0.0315687;0.968431
13;15;0.00388006;0.99612
13;16;0.0193059;0.980694
13;17;0.013296;0.986704
13;18;0;1
13;19;0;1
13;20;0;1
13;21;0.0403864;0.959614
13;22;0.0460368;0.953963
13;23;0;1
13;24;0;1
13;25;0;1
13;26;0;1
13;27;0;1
13;28;0;1
13;29;0;1
13;30;0;1
13;31;0;1
13;32;0;1
13;33;0;1
13;34;0;1
13;35;0;1
13;36;0;1
13;37;0;1
13;38;0;1
13;39;0;1
13;40;0;1
13;41;0;1
13;42;0;1
13;43;5.55e-17;1
13;44;0;1
13;45;0;1
13;46;0;1
13;47;0;1
13;48;0;1
13;49;0;1
13;50;0;1
13;51;0;1
13;52;0;1
13;53;0;1
13;54;0;1
13;55;0;1
13;56;0;1
13;57;0;1
13;58;0;1
13;59;0;1
13;60;0;1
13;61;0.0145348;0.985465
13;62;0;1
13;63;0;1
13;64;0;1
13;65;0;1
13;66;0;1
13;67;0;1
13;68;0;1
13;69;0;1
13;70;0;1
13;71;0.00676849;0.993232
13;72;0;1
13;73;0;1
13;74;0;1
13;75;0;1
13;76;0;1
13;77;0;1
13;78;0.035633;0.964367
13;79;0;1
13;80;0;1
13;81;0;1
13;82;0;1
13;83;0;1
13;84;0;1
13;85;5.55e-17;1
13;86;0;1
13;87;5.55e-17;1
13;88;0;1
13;89;0;1
13;90;0;1
13;91;0;1
13;92;0;1
13;93;0;1
13;94;0;1
13;95;0;1
13;96;0;1
13;97;0;1
13;98;0;1
13;99;0.0281761;0.971824
13;100;0;1
13;101;0.0210366;0.978963
13;102;0;1
13;103;0;1
13;104;0;1
13;105;0;1
13;106;0;1
13;107;0.00195401;0.998046
13;108;0;1
13;109;0;1
13;110;5.55e-17;1
13;111;0;1
13;112;0;1
13;113;0;1
13;114;0;1
13;115;0;1
13;116;0;1
13;117;5.55e-17;1
13;118;0;1
13;119;0;1
13;120;0;1
13;121;0;1
13;122;0;1
13;123;0;1
13;124;0.00927671;0.990723
13;125;0;1
13;126;0;1
13;127;0;1
13;128;0;1
13;129;0;1
13;130;0;1
13;131;0;1
13;132;0;1
13;133;0;1
13;134;0.0258293;0.974171
13;135;0.0444114;0.955589
13;136;0;1
13;137;0;1
13;138;0;1
13;139;0;1
13;140;0.000586097;0.999414
13;141;0.028685;0.971315
13;142;0.0130601;0.98694
13;143;0.000113863;0.999886
13;144;0;1
13;145;0;1
13;146;0;1
13;147;0;1
13;148;0;1
13;149;0;1
13;150;0;1
13;151;0;1
13;152;0;1
13;153;0.0592495;0.940751
13;154;0;1
13;155;0.0401679;0.959832
13;156;0.00561631;0.994384
13;157;0;1
13;158;0;1
13;159;0;1
13;160;0;1
13;161;0;1
13;162;0;1
13;163;0.00483671;0.995163
13;164;0;1
13;165;0;1
13;166;0;1
13;167;0;1
13;168;0;1
13;169;0;1
13;170;0;1
13;171;5.55e-17;1
13;172;0;1
13;173;0;1
13;174;0;1
13;175;0.0575164;0.942484
13;176;0;1
13;177;0;1
13;178;0;1
13;179;0;1
13;180;0;1
13;181;0;1
13;182;0;1
13;183;0;1
13;184;0;1
13;185;0.0568275;0.943173
13;186;0;1
14;0;0;0
14;1;0;0
14;2;0;0
14;3;0;0
14;4;0;0
14;5;0;0
14;6;0;0
14;7;0;0
14;8;0;0
14;9;0;0
14;10;0;0
14;11;0;0
14;12;0;1
14;13;0.0511369;0.948863
14;14;0.0813861;0.918614
14;15;0.06827;0.93173
14;16;0.0443945;0.955606
14;17;0.0609392;0.939061
14;18;0.0872866;0.912713
14;19;0.122004;0.877996
14;20;0.125535;0.874465
14;21;0.0781648;0.921835
14;22;0.00159364;0.998406
14;23;0;1
14;24;0;1
14;25;0.0138801;0.98612
14;26;0;1
14;27;0;1
14;28;0.0163632;0.983637
14;29;0.00377865;0.996221
14;30;0;1
14;31;0;1
14;32;0;1
14;33;0;1
14;34;0;1
14;35;0;1
14;36;0;1
14;37;0;1
14;38;0;1
14;39;0;1
14;40;0.0228659;0.977134
14;41;0.0282577;0.971742
14;42;0.0534445;0.946555
14;43;0.0452727;0.954727
14;44;0.0182762;0.981724
14;45;0.0122437;0.987756
14;46;0.0196337;0.980366
14;47;0.0203794;0.979621
14;48;0;1
14;49;0;1
14;50;0;1
14;51;0.0117163;0.988284
14;52;0.00473027;0.99527
14;53;0;1
14;54;0;1
14;55;0;1
14;56;0;1
14;57;0;1
14;58;0;1
14;59;0;1
14;60;0;1
14;61;0;1
14;62;0;1
14;63;0.00204531;0.997955
14;64;0.0190854;0.980915
14;65;0.0342432;0.965757
14;66;0.0432758;0.956724
14;67;0.0143165;0.985684
14;68;0;1
14;69;0;1
14;70;0;1
14;71;0;1
14;72;0;1
14;73;0;1
14;74;0;1
14;75;0;1
14;76;0;1
14;77;0;1
14;78;0;1
14;79;0;1
14;80;0;1
14;81;0;1
14;82;0;1
14;83;0;1
14;84;0.0196312;0.980369
14;85;0.0219073;0.978093
14;86;0.0513581;0.948642
14;87;0.0610391;0.938961
14;88;0.0551529;0.944847
14;89;0.0463487;0.953651
14;90;0.0455886;0.954411
14;91;0.0309332;0.969067
14;92;0.0192943;0.980706
14;93;0;1
14;94;0;1
14;95;0.00768115;0.992319
14;96;0.0299504;0.97005
14;97;0.015873;0.984127
14;98;0;1
14;99;0;1
14;100;0;1
14;101;0;1
14;102;0;1
14;103;0;1
14;104;0;1
14;105;5.55e-17;1
14;106;0;1
14;107;0;1
14;108;0;1
14;109;5.55e-17;1
14;110;0;1
14;111;0;1
14;112;0;1
14;113;0;1
14;114;0;1
14;115;0;1
14;116;0;1
14;117;0.0288927;0.971107
14;118;0;1
14;119;0;1
14;120;0;1
14;121;0;1
14;122;0;1
14;123;0.055591;0.944409
14;124;0.0316026;0.968397
14;125;0.0359509;0.964049
14;126;0;1
14;127;0;1
14;128;0.0139288;0.986071
14;129;0;1
14;130;0;1
14;131;0.0178682;0.982132
14;132;0.0303617;0.969638
14;133;0.00631233;0.993688
14;134;0.00220732;0.997793
14;135;0.00257123;0.997429
14;136;0;1
14;137;0;1
14;138;0;1
14;139;0.0401291;0.959871
14;140;0.0523999;0.9476
14;141;0.0300459;0.969954
14;142;0;1
14;143;0;1
14;144;0;1
14;145;0.0161901;0.98381
14;146;0.012054;0.987946
14;147;0.00788585;0.992114
14;148;0.0415785;0.958422
14;149;0.0557732;0.944227
14;150;0.051088;0.948912
14;151;0;1
14;152;0;1
14;153;0.0596832;0.940317
14;154;0.0104012;0.989599
14;155;0;1
14;156;0;1
14;157;0;1
14;158;0;1
14;159;0;1
14;160;0;1
14;161;0;1
14;162;0;1
14;163;0;1
14;164;0;1
14;165;0;1
14;166;0;1
14;167;0;1
14;168;0;1
14;169;0;1
14;170;0;1
14;171;0;1
14;172;0;1
14;173;0;1
14;174;0;1
14;175;0;1
14;176;0.0122613;0.987739
14;177;0.0305706;0.969429
14;178;0.0105877;0.989412
14;179;0.0157881;0.984212
14;180;0;1
14;181;0;1
14;182;0;1
14;183;0;1
14;184;0.000710945;0.999289
14;185;0;1
14;186;0;1
15;0;0;0
15;1;0;0
15;2;0;0
15;3;0;0
15;4;0;0
15;5;0;0
15;6;0;0
15;7;0;0
15;8;0;0
15;9;0;0
15;10;0.180606;0.819394
15;11;0.182693;0.817307
15;12;0.111485;0.888515
15;13;0.0375789;0.962421
15;14;0.0355678;0.964432
15;15;0.0184474;0.981553
15;16;0;1
15;17;0;1
15;18;0;1
15;19;0;1
15;20;0;1
15;21;0;1
15;22;5.55e-17;1
15;23;0;1
15;24;0;1
15;25;5.55e-17;1
15;26;0;1
15;27;0;1
15;28;0;1
15;29;0.000159643;0.99984
15;30;0;1
15;31;0;1
15;32;0;1
15;33;0;1
15;34;0;1
15;35;0;1
15;36;0;1
15;37;0.00279257;0.997207
15;38;0.0309188;0.969081
15;39;0.0593418;0.940658
15;40;0;1
15;41;0;1
15;42;0;1
15;43;0;1
15;44;0;1
15;45;0;1
15;46;0;1
15;47;0;1
15;48;0;1
15;49;0;1
15;50;0;1
15;51;0;1
15;52;0;1
15;53;0;1
15;54;0;1
15;55;0;1
15;56;0;1
15;57;0;1
15;58;0.00357304;0.996427
15;59;0.00482464;0.995175
15;60;0;1
15;61;0;1
15;62;0.0134693;0.986531
15;63;0;1
15;64;0;1
15;65;0;1
15;66;0;1
15;67;0;1
15;68;0;1
15;69;0;1
15;70;0.0282287;0.971771
15;71;0.0105479;0.989452
15;72;0;1
15;73;0;1
15;74;0;1
15;75;0;1
15;76;0;1
15;77;5.55e-17;1
15;78;0;1
15;79;0;1
15;80;0;1
15;81;0.025076;0.974924
15;82;0.0548186;0.945181
15;83;0.0492721;0.950728
15;84;0.0519827;0.948017
15;85;0.0335915;0.966408
15;86;0;1
15;87;0;1
15;88;0;1
15;89;0;1
15;90;0;1
15;91;0;1
15;92;0.026477;0.973523
15;93;0.027802;0.972198
15;94;0;1
15;95;0;1
15;96;0;1
15;97;0;1
15;98;0;1
15;99;0;1
15;100;0;1
15;101;0;1
15;102;0;1
15;103;0;1
15;104;0.041702;0.958298
15;105;0.0352699;0.96473
15;106;0.0234657;0.976534
15;107;0.0432524;0.956748
15;108;0.0555887;0.944411
15;109;0.0433453;0.956655
15;110;0.00199209;0.998008
15;111;0.0167427;0.983257
15;112;0.0306103;0.96939
15;113;0.0480673;0.951933
15;114;0;1
15;115;0;1
15;116;0;1
15;117;0.0195855;0.980414
15;118;0;1
15;119;0;1
15;120;0;1
15;121;0;1
15;122;0;1
15;123;0;1
15;124;0;1
15;125;0;1
15;126;0;1
15;127;0;1
15;128;0;1
15;129;0;1
15;130;0;1
15;131;5.55e-17;1
15;132;0;1
15;133;0.000798363;0.999202
15;134;0;1
15;135;0;1
15;136;0;1
15;137;0;1
15;138;0;1
15;139;0;1
15;140;0;1
15;141;0;1
15;142;5.55e-17;1
15;143;0;1
15;144;0;1
15;145;0;1
15;146;0;1
15;147;0;1
15;148;0;1
15;149;0;1
15;150;0;1
15;151;0;1
15;152;0;1
15;153;0;1
15;154;0;1
15;155;5.55e-17;1
15;156;0;1
15;157;0;1
15;158;0;1
15;159;5.55e-17;1
15;160;0;1
15;161;0;1
15;162;0;1
15;163;0;1
15;164;0;1
15;165;0;1
15;166;0;1
15;167;0;1
15;168;0;1
15;169;0;1
15;170;0;1
15;171;0;1
15;172;0;1
15;173;0.00137197;0.998628
15;174;0;1
15;175;0;1
15;176;0;1
15;177;0.0130286;0.986971
15;178;0;1
15;179;0;1
15;180;0;1
15;181;0;1
15;182;5.55e-17;1
15;183;0;1
15;184;0;1
15;185;0;1
15;186;0;1
16;0;0;0
16;1;0;0
16;2;0;0
16;3;0;0
16;4;0;0
16;5;0;0
16;6;0;0
16;7;0;0
16;8;0;0
16;9;0;0
16;10;0.134339;0.865661
16;11;0.071809;0.928191
16;12;0.0375038;0.962496
16;13;0.0764251;0.923575
16;14;0.0829269;0.917073
16;15;0.0554821;0.944518
16;16;0.043402;0.956598
16;17;0.054292;0.945708
16;18;0.0632288;0.936771
16;19;0.0774453;0.922555
16;20;0.0994664;0.900534
16;21;0.0635346;0.936465
16;22;0.0261407;0.973859
16;23;0.0331809;0.966819
16;24;0.0214096;0.97859
16;25;0;1
16;26;0;1
16;27;0;1
16;28;0;1
16;29;0;1
16;30;0;1
16;31;0;1
16;32;0.00137086;0.998629
16;33;0;1
16;34;0;1
16;35;0;1
16;36;0;1
16;37;0;1
16;38;0;1
16;39;0;1
16;40;0;1
16;41;0;1
16;42;0;1
16;43;0;1
16;44;0;1
16;45;0;1
16;46;0;1
16;47;5.55e-17;1
16;48;0;1
16;49;0;1
16;50;0;1
16;51;0;1
16;52;0;1
16;53;0;1
16;54;0;1
16;55;0;1
16;56;0;1
16;57;0;1
16;58;0;1
16;59;0;1
16;60;0.00316695;0.996833
16;61;0.0154284;0.984572
16;62;0;1
16;63;0;1
16;64;0;1
16;65;0;1
16;66;0;1
16;67;0;1
16;68;0;1
16;69;0;1
16;70;0;1
16;71;0;1
16;72;0;1
16;73;0;1
16;74;0;1
16;75;0;1
16;76;0;1
16;77;0;1
16;78;0;1
16;79;0;1
16;80;0;1
16;81;0.0106695;0.989331
16;82;0;1
16;83;0;1
16;84;0;1
16;85;0;1
16;86;0.0132882;0.986712
16;87;0;1
16;88;0;1
16;89;0;1
16;90;0;1
16;91;0;1
16;92;0;1
16;93;0;1
16;94;0;1
16;95;0.0269262;0.973074
16;96;0.0108922;0.989108
16;97;0;1
16;98;0;1
16;99;0;1
16;100;0.0204031;0.979597
16;101;0.0247901;0.97521
16;102;0;1
16;103;0;1
16;104;0;1
16;105;5.55e-17;1
16;106;0;1
16;107;0;1
16;108;5.55e-17;1
16;109;0;1
16;110;0.0330548;0.966945
16;111;0;1
16;112;0;1
16;113;0.0363113;0.963689
16;114;0.0209782;0.979022
16;115;0.0141989;0.985801
16;116;0.01456;0.98544
16;117;0.0283128;0.971687
16;118;0.0465584;0.953442
16;119;0;1
16;120;0.039397;0.960603
16;121;0.0187902;0.98121
16;122;0.00826143;0.991739
16;123;0.00787564;0.992124
16;124;0.00634604;0.993654
16;125;0;1
16;126;0;1
16;127;0;1
16;128;0;1
16;129;0;1
16;130;0;1
16;131;0;1
16;132;0;1
16;133;0;1
16;134;0;1
16;135;0;1
16;136;0;1
16;137;0;1
16;138;0;1
16;139;0;1
16;140;0;1
16;141;0;1
16;142;0;1
16;143;0;1
16;144;0.0107238;0.989276
16;145;0;1
16;146;0;1
16;147;0;1
16;148;0;1
16;149;0;1
16;150;0;1
16;151;0.0211409;0.978859
16;152;0.0063839;0.993616
16;153;0;1
16;154;0;1
16;155;5.55e-17;1
16;156;5.55e-17;1
16;157;0;1
16;158;0;1
16;159;0;1
16;160;0.011898;0.988102
16;161;0.0400125;0.959987
16;162;0.0423774;0.957623
16;163;0;1
16;164;0;1
16;165;0;1
16;166;0;1
16;167;0;1
16;168;0;1
16;169;0.0380627;0.961937
16;170;0;1
16;171;0;1
16;172;0.00139388;0.998606
16;173;0.0131691;0.986831
16;174;0.0188102;0.98119
16;175;0;1
16;176;0;1
16;177;0;1
16;178;0.0407723;0.959228
16;179;0.00733254;0.992667
16;180;0;1
16;181;0;1
16;182;0;1
16;183;0;1
16;184;0;1
16;185;0;1
16;186;0;1
17;0;0;0
17;1;0;0
17;2;0;0
17;3;0;0
17;4;0;0
17;5;0;0
17;6;0;0
17;7;0;0
17;8;0;0
17;9;0;0
17;10;0.158459;0.841541
17;11;0.128963;0.871037
17;12;0.118865;0.881135
17;13;0.0768592;0.923141
17;14;0.0451333;0.954867
17;15;0.0261752;0.973825
17;16;0.0037832;0.996217
17;17;0.00813984;0.99186
17;18;0.00256028;0.99744
17;19;0.00376089;0.996239
17;20;0.00899319;0.991007
17;21;0.00924603;0.990754
17;22;0;1
17;23;0.00110541;0.998895
17;24;0.0445637;0.955436
17;25;0.0581853;0.941815
17;26;0.0353814;0.964619
17;27;0.0119636;0.988036
17;28;0.0236016;0.976398
17;29;0.0316215;0.968379
17;30;0.0249648;0.975035
17;31;0;1
17;32;0;1
17;33;0;1
17;34;0;1
17;35;0;1
17;36;0;1
17;37;0;1
17;38;0;1
17;39;0;1
17;40;0;1
17;41;0;1
17;42;0.0322745;0.967726
17;43;0.0241089;0.975891
17;44;0;1
17;45;0;1
17;46;0;1
17;47;0.017097;0.982903
17;48;0.0185126;0.981487
17;49;0.0376029;0.962397
17;50;0.0384182;0.961582
17;51;0.0409208;0.959079
17;52;0.0183137;0.981686
17;53;0;1
17;54;0;1
17;55;0;1
17;56;0.0337322;0.966268
17;57;0;1
17;58;0.0556212;0.944379
17;59;0.0478933;0.952107
17;60;0.0399476;0.960052
17;61;0.0162554;0.983745
17;62;0.00523739;0.994763
17;63;0;1
17;64;0;1
17;65;0.00384297;0.996157
17;66;0.0124056;0.987594
17;67;0;1
17;68;0;1
17;69;0.0217556;0.978244
17;70;0.0792662;0.920734
17;71;0.0721283;0.927872
17;72;0.0263462;0.973654
17;73;0;1
17;74;0;1
17;75;0;1
17;76;0;1
17;77;0;1
17;78;0.0409304;0.95907
17;79;0;1
17;80;0;1
17;81;0;1
17;82;0;1
17;83;0;1
17;84;0;1
17;85;0;1
17;86;0;1
17;87;0;1
17;88;0;1
17;89;0;1
17;90;0;1
17;91;0.0365311;0.963469
17;92;0.0452414;0.954759
17;93;0.0491139;0.950886
17;94;0.0495893;0.950411
17;95;0.00494791;0.995052
17;96;0;1
17;97;0;1
17;98;0;1
17;99;0;1
17;100;0;1
17;101;0;1
17;102;0;1
17;103;0;1
17;104;0;1
17;105;0;1
17;106;0;1
17;107;0;1
17;108;0;1
17;109;0.0040869;0.995913
17;110;0;1
17;111;0;1
17;112;0;1
17;113;0;1
17;114;0;1
17;115;0;1
17;116;0;1
17;117;0;1
17;118;0;1
17;119;0;1
17;120;0;1
17;121;0;1
17;122;0;1
17;123;0;1
17;124;0;1
17;125;0;1
17;126;0.0249346;0.975065
17;127;0.00612076;0.993879
17;128;0.000256994;0.999743
17;129;0;1
17;130;0;1
17;131;0;1
17;132;0;1
17;133;0.0132883;0.986712
17;134;0.0174987;0.982501
17;135;0;1
17;136;0;1
17;137;0;1
17;138;0;1
17;139;0;1
17;140;0;1
17;141;0;1
17;142;0.0105671;0.989433
17;143;0.0447045;0.955295
17;144;0.0425404;0.95746
17;145;0;1
17;146;0;1
17;147;0;1
17;148;0;1
17;149;0;1
17;150;0;1
17;151;0;1
17;152;0;1
17;153;0;1
17;154;0;1
17;155;0;1
17;156;0;1
17;157;0;1
17;158;0;1
17;159;0.0137028;0.986297
17;160;0.064358;0.935642
17;161;0.0279232;0.972077
17;162;0.00985275;0.990147
17;163;0.0428215;0.957178
17;164;0.0337819;0.966218
17;165;0.00638166;0.993618
17;166;0.0039142;0.996086
17;167;0.0141227;0.985877
17;168;0;1
17;169;0;1
17;170;0;1
17;171;0;1
17;172;0;1
17;173;0;1
17;174;0;1
17;175;0;1
17;176;0;1
17;177;0;1
17;178;0;1
17;179;0;1
17;180;0;1
17;181;0;1
17;182;0;1
17;183;0;1
17;184;0;1
17;185;0;1
17;186;0;1
18;0;0;0
18;1;0;0
18;2;0;0
18;3;0;0
18;4;0;0
18;5;0.114689;0.885311
18;6;0.188527;0.811473
18;7;0.193806;0.806194
18;8;0;1
18;9;0.13349;0.86651
18;10;0.115253;0.884747
18;11;0.0966276;0.903372
18;12;0.0858626;0.914137
18;13;0.0667218;0.933278
18;14;0.050335;0.949665
18;15;0.0460934;0.953907
18;16;0.0315275;0.968472
18;17;0.0272983;0.972702
18;18;0.0212115;0.978788
18;19;0.0018699;0.99813
18;20;0.00158051;0.998419
18;21;0;1
18;22;0;1
18;23;0;1
18;24;0;1
18;25;0.00497867;0.995021
18;26;0.00783703;0.992163
18;27;0;1
18;28;5.55e-17;1
18;29;0;1
18;30;0;1
18;31;0;1
18;32;0;1
18;33;0;1
18;34;0;1
18;35;0;1
18;36;0;1
18;37;0;1
18;38;0;1
18;39;0;1
18;40;0;1
18;41;0;1
18;42;0;1
18;43;0;1
18;44;0;1
18;45;0;1
18;46;0;1
18;47;0;1
18;48;0;1
18;49;0;1
18;50;0;1
18;51;0;1
18;52;0;1
18;53;0;1
18;54;0.0020608;0.997939
18;55;0.0234505;0.976549
18;56;5.55e-17;1
18;57;0;1
18;58;0;1
18;59;0.0247124;0.975288
18;60;0.0531127;0.946887
18;61;0.00701631;0.992984
18;62;0;1
18;63;0;1
18;64;0;1
18;65;0;1
18;66;0;1
18;67;0;1
18;68;0;1
18;69;0;1
18;70;0.00346811;0.996532
18;71;4.17e-05;0.999958
18;72;0;1
18;73;0;1
18;74;0;1
18;75;0.0582839;0.941716
18;76;0;1
18;77;0;1
18;78;0.0490568;0.950943
18;79;0;1
18;80;0;1
18;81;0;1
18;82;0;1
18;83;0;1
18;84;0;1
18;85;0;1
18;86;0;1
18;87;0;1
18;88;0;1
18;89;0;1
18;90;0;1
18;91;0;1
18;92;0;1
18;93;0.0162201;0.98378
18;94;0.00420905;0.995791
18;95;0;1
18;96;0;1
18;97;0;1
18;98;0;1
18;99;0;1
18;100;0;1
18;101;0;1
18;102;0;1
18;103;0;1
18;104;0;1
18;105;0;1
18;106;0;1
18;107;0;1
18;108;0;1
18;109;0;1
18;110;0;1
18;111;5.55e-17;1
18;112;0;1
18;113;0;1
18;114;0;1
18;115;0;1
18;116;0;1
18;117;0.0431715;0.956829
18;118;0;1
18;119;0.0394866;0.960513
18;120;0.0154517;0.984548
18;121;0.0375898;0.96241
18;122;0;1
18;123;0;1
18;124;0;1
18;125;0.0297398;0.97026
18;126;0.0375516;0.962448
18;127;0.0492672;0.950733
18;128;0.0358489;0.964151
18;129;0;1
18;130;0;1
18;131;0;1
18;132;5.55e-17;1
18;133;0;1
18;134;0;1
18;135;0;1
18;136;5.55e-17;1
18;137;0;1
18;138;0;1
18;139;0;1
18;140;0.0132566;0.986743
18;141;0.0381702;0.96183
18;142;0.0128925;0.987108
18;143;0;1
18;144;0;1
18;145;0;1
18;146;0;1
18;147;5.55e-17;1
18;148;0;1
18;149;0;1
18;150;0;1
18;151;0;1
18;152;0.0104016;0.989598
18;153;0;1
18;154;0;1
18;155;0;1
18;156;0.0328757;0.967124
18;157;0.00283156;0.997168
18;158;0;1
18;159;0;1
18;160;0;1
18;161;0;1
18;162;0;1
18;163;0;1
18;164;0;1
18;165;0;1
18;166;0;1
18;167;0;1
18;168;0;1
18;169;0;1
18;170;0;1
18;171;0;1
18;172;0;1
18;173;0;1
18;174;0;1
18;175;0;1
18;176;0;1
18;177;0;1
18;178;0;1
18;179;0;1
18;180;0;1
18;181;0;1
18;182;0;1
18;183;0;1
18;184;0;1
18;185;0;1
18;186;0;1
19;0;0;0
19;1;0;0
19;2;0;0
19;3;0;0
19;4;0;0
19;5;0;0
19;6;0;0
19;7;0;0
19;8;0;0
19;9;0;1
19;10;0.0366276;0.963372
19;11;0.0466276;0.953372
19;12;0.100302;0.899698
19;13;0.0635732;0.936427
19;14;0.0339708;0.966029
19;15;0.0302958;0.969704
19;16;0.0299218;0.970078
19;17;0.01807;0.98193
19;18;0.0329739;0.967026
19;19;0.0291698;0.97083
19;20;0.00235554;0.997644
19;21;0;1
19;22;0;1
19;23;0;1
19;24;0.000152405;0.999848
19;25;0;1
19;26;0;1
19;27;0;1
19;28;0;1
19;29;0;1
19;30;0.0118182;0.988182
19;31;0.0141597;0.98584
19;32;0.0153583;0.984642
19;33;0.0331811;0.966819
19;34;0.054471;0.945529
19;35;0.0752262;0.924774
19;36;0.0965845;0.903415
19;37;0.0930911;0.906909
19;38;0.080659;0.919341
19;39;0;1
19;40;0;1
19;41;0;1
19;42;0;1
19;43;0;1
19;44;0;1
19;45;0;1
19;46;0.00870617;0.991294
19;47;0.0312743;0.968726
19;48;0.00199932;0.998001
19;49;0;1
19;50;0;1
19;51;0;1
19;52;0;1
19;53;0;1
19;54;0;1
19;55;0;1
19;56;0;1
19;57;0;1
19;58;0.00056798;0.999432
19;59;0.0419761;0.958024
19;60;0.0652605;0.934739
19;61;0.0591632;0.940837
19;62;0.0421602;0.95784
19;63;0.0270826;0.972917
19;64;0;1
19;65;0;1
19;66;0;1
19;67;0;1
19;68;0;1
19;69;5.55e-17;1
19;70;0;1
19;71;0;1
19;72;5.55e-17;1
19;73;0;1
19;74;0;1
19;75;0;1
19;76;0;1
19;77;0;1
19;78;0;1
19;79;0;1
19;80;5.55e-17;1
19;81;0;1
19;82;0;1
19;83;0;1
19;84;0;1
19;85;5.55e-17;1
19;86;0;1
19;87;0;1
19;88;0;1
19;89;0;1
19;90;0;1
19;91;0;1
19;92;5.55e-17;1
19;93;0;1
19;94;0;1
19;95;0;1
19;96;5.55e-17;1
19;97;0;1
19;98;0.0258204;0.97418
19;99;0.0206727;0.979327
19;100;0;1
19;101;0;1
19;102;0;1
19;103;0;1
19;104;0.00903741;0.990963
19;105;0.0419353;0.958065
19;106;0.0279373;0.972063
19;107;0.00699307;0.993007
19;108;0.0182715;0.981729
19;109;0.0488485;0.951152
19;110;0.0505936;0.949406
19;111;0.0461578;0.953842
19;112;0.0487414;0.951259
19;113;0.0434013;0.956599
19;114;0.0237148;0.976285
19;115;0.0257123;0.974288
19;116;0.0658254;0.934175
19;117;0.0588334;0.941167
19;118;0.0279588;0.972041
19;119;0;1
19;120;0;1
19;121;0;1
19;122;0;1
19;123;0;1
19;124;0;1
19;125;0;1
19;126;0;1
19;127;0;1
19;128;0;1
19;129;0;1
19;130;5.55e-17;1
19;131;0;1
19;132;0.0273134;0.972687
19;133;0.08903;0.91097
19;134;0;1
19;135;0;1
19;136;0;1
19;137;0.0592495;0.940751
19;138;0.044195;0.955805
19;139;0.0249711;0.975029
19;140;0.0269404;0.97306
19;141;0.0232959;0.976704
19;142;0.015896;0.984104
19;143;0.0300179;0.969982
19;144;0.0284029;0.971597
19;145;0.0335334;0.966467
19;146;0.0460824;0.953918
19;147;0.0420313;0.957969
19;148;0.0384004;0.9616
19;149;0.00790467;0.992095
19;150;0;1
19;151;0;1
19;152;0.0181598;0.98184
19;153;0.0613263;0.938674
19;154;0.0137656;0.986234
19;155;0;1
19;156;0;1
19;157;0.00525619;0.994744
19;158;0.0485484;0.951452
19;159;0.0375629;0.962437
19;160;0.0214452;0.978555
19;161;0.0123101;0.98769
19;162;0;1
19;163;0;1
19;164;0;1
19;165;0;1
19;166;0;1
19;167;0;1
19;168;0;1
19;169;0;1
19;170;0;1
19;171;5.55e-17;1
19;172;5.55e-17;1
19;173;0;1
19;174;0;1
19;175;0;1
19;176;0.035461;0.964539
19;177;0.0405941;0.959406
19;178;0.03205;0.96795
19;179;0.0161902;0.98381
19;180;0;1
19;181;0;1
19;182;0.0150481;0.984952
19;183;0.00221542;0.997785
19;184;0;1
19;185;0;1
19;186;0;1
